Identyfikator,Nazwa atrybutu,Wartości atrybutu
289,Kolekcja,Croco
290,Kolekcja,Croco
291,Kolekcja,Croco
292,Kolekcja,Croco
294,Kolekcja,Croco
295,Kolekcja,Croco
296,Kolekcja,Croco
297,Kolekcja,Croco
299,Kolekcja,Croco
300,Kolekcja,Croco
301,Kolekcja,Croco
302,Kolekcja,Croco
303,Kolekcja,Croco
304,Kolekcja,Croco
305,Kolekcja,Croco
306,Kolekcja,Croco
307,Kolekcja,Croco
308,Kolekcja,Croco
309,Kolekcja,Croco
310,Kolekcja,Croco
311,Kolekcja,Croco
312,Kolekcja,Pióra
313,Kolekcja,Pióra
314,Kolekcja,Pióra
315,Kolekcja,Pióra
316,Kolekcja,Pióra
317,Kolekcja,Pióra
318,Kolekcja,Pióra
319,Kolekcja,Pióra
320,Kolekcja,Pióra
321,Kolekcja,Pióra
322,Kolekcja,Pióra
323,Kolekcja,Pióra
324,Kolekcja,Pióra
325,Kolekcja,Pióra
326,Kolekcja,Pióra
327,Kolekcja,Pióra
328,Kolekcja,Pióra
329,Kolekcja,Pióra
330,Kolekcja,Pióra
331,Kolekcja,Pióra
332,Kolekcja,Pióra
333,Kolekcja,Pióra
334,Kolekcja,Pióra
335,Kolekcja,Pióra
992,Kolekcja,Croco
993,Kolekcja,Croco
994,Kolekcja,Croco
995,Kolekcja,Croco
1008,Kolekcja,Animals
1009,Kolekcja,Animals
1010,Kolekcja,Animals
1011,Kolekcja,Croco
1012,Kolekcja,Croco
1013,Kolekcja,Croco
1014,Kolekcja,Croco
1015,Kolekcja,Croco
